{
    "accuracy": 0.54,
    "precision": 0.6,
    "recall": 0.4909090909090909,
    "auc": 0.5301010101010101
}