{
    "accuracy": 0.672,
    "precision": 0.7288135593220338,
    "recall": 0.6323529411764706,
    "auc": 0.6984004127966977
}